Type,Mean,Variance,STD
A,-0.0665088661876065,1.08593882217906,1.04208388442537
B,1.8991933495446,26.6793812840403,5.16520873576667
C,0.249303644681129,1.52702681699329,1.23572926524918
D,-0.435765150785364,1.20073537847699,1.09578071641957
E,3.7385041016593,10.1845716318631,3.19132756574173
G,2.74319331398522,42.9063179102071,6.55029143704363
